{
  "formatVersion": 1,
  "database": {
    "version": 3,
    "identityHash": "01fd20e34eccc1423bb1350a74d2a759",
    "entities": [
      {
        "tableName": "roscas",
        "createSql": "CREATE TABLE IF NOT EXISTS `${TABLE_NAME}` (`id` TEXT NOT NULL, `name` TEXT NOT NULL, `description` TEXT NOT NULL, `creatorId` TEXT, `groupType` TEXT NOT NULL, `contributionAmount` INTEGER NOT NULL, `contributionFrequency` TEXT NOT NULL, `frequencyDays` INTEGER NOT NULL, `totalMembers` INTEGER NOT NULL, `currentMembers` INTEGER NOT NULL, `payoutOrder` TEXT NOT NULL, `distributionMethod` TEXT NOT NULL, `cycleNumber` INTEGER NOT NULL, `currentRound` INTEGER NOT NULL, `totalCycles` INTEGER NOT NULL, `status` TEXT NOT NULL, `walletAddress` TEXT, `multisigAddress` TEXT, `multisigInfo` TEXT, `moneroWalletAddress` TEXT, `ipfsHash` TEXT, `ipfsCid` TEXT, `ipnsKey` TEXT, `version` INTEGER NOT NULL, `isDirty` INTEGER NOT NULL, `lastSyncedAt` INTEGER, `lastSyncTimestamp` INTEGER, `startDate` INTEGER, `startedAt` INTEGER, `completedAt` INTEGER, `createdAt` INTEGER NOT NULL, `updatedAt` INTEGER, PRIMARY KEY(`id`))",
        "fields": [
          {
            "fieldPath": "id",
            "columnName": "id",
            "affinity": "TEXT",
            "notNull": true
          },
          {
            "fieldPath": "name",
            "columnName": "name",
            "affinity": "TEXT",
            "notNull": true
          },
          {
            "fieldPath": "description",
            "columnName": "description",
            "affinity": "TEXT",
            "notNull": true
          },
          {
            "fieldPath": "creatorId",
            "columnName": "creatorId",
            "affinity": "TEXT",
            "notNull": false
          },
          {
            "fieldPath": "groupType",
            "columnName": "groupType",
            "affinity": "TEXT",
            "notNull": true
          },
          {
            "fieldPath": "contributionAmount",
            "columnName": "contributionAmount",
            "affinity": "INTEGER",
            "notNull": true
          },
          {
            "fieldPath": "contributionFrequency",
            "columnName": "contributionFrequency",
            "affinity": "TEXT",
            "notNull": true
          },
          {
            "fieldPath": "frequencyDays",
            "columnName": "frequencyDays",
            "affinity": "INTEGER",
            "notNull": true
          },
          {
            "fieldPath": "totalMembers",
            "columnName": "totalMembers",
            "affinity": "INTEGER",
            "notNull": true
          },
          {
            "fieldPath": "currentMembers",
            "columnName": "currentMembers",
            "affinity": "INTEGER",
            "notNull": true
          },
          {
            "fieldPath": "payoutOrder",
            "columnName": "payoutOrder",
            "affinity": "TEXT",
            "notNull": true
          },
          {
            "fieldPath": "distributionMethod",
            "columnName": "distributionMethod",
            "affinity": "TEXT",
            "notNull": true
          },
          {
            "fieldPath": "cycleNumber",
            "columnName": "cycleNumber",
            "affinity": "INTEGER",
            "notNull": true
          },
          {
            "fieldPath": "currentRound",
            "columnName": "currentRound",
            "affinity": "INTEGER",
            "notNull": true
          },
          {
            "fieldPath": "totalCycles",
            "columnName": "totalCycles",
            "affinity": "INTEGER",
            "notNull": true
          },
          {
            "fieldPath": "status",
            "columnName": "status",
            "affinity": "TEXT",
            "notNull": true
          },
          {
            "fieldPath": "walletAddress",
            "columnName": "walletAddress",
            "affinity": "TEXT",
            "notNull": false
          },
          {
            "fieldPath": "multisigAddress",
            "columnName": "multisigAddress",
            "affinity": "TEXT",
            "notNull": false
          },
          {
            "fieldPath": "multisigInfo",
            "columnName": "multisigInfo",
            "affinity": "TEXT",
            "notNull": false
          },
          {
            "fieldPath": "moneroWalletAddress",
            "columnName": "moneroWalletAddress",
            "affinity": "TEXT",
            "notNull": false
          },
          {
            "fieldPath": "ipfsHash",
            "columnName": "ipfsHash",
            "affinity": "TEXT",
            "notNull": false
          },
          {
            "fieldPath": "ipfsCid",
            "columnName": "ipfsCid",
            "affinity": "TEXT",
            "notNull": false
          },
          {
            "fieldPath": "ipnsKey",
            "columnName": "ipnsKey",
            "affinity": "TEXT",
            "notNull": false
          },
          {
            "fieldPath": "version",
            "columnName": "version",
            "affinity": "INTEGER",
            "notNull": true
          },
          {
            "fieldPath": "isDirty",
            "columnName": "isDirty",
            "affinity": "INTEGER",
            "notNull": true
          },
          {
            "fieldPath": "lastSyncedAt",
            "columnName": "lastSyncedAt",
            "affinity": "INTEGER",
            "notNull": false
          },
          {
            "fieldPath": "lastSyncTimestamp",
            "columnName": "lastSyncTimestamp",
            "affinity": "INTEGER",
            "notNull": false
          },
          {
            "fieldPath": "startDate",
            "columnName": "startDate",
            "affinity": "INTEGER",
            "notNull": false
          },
          {
            "fieldPath": "startedAt",
            "columnName": "startedAt",
            "affinity": "INTEGER",
            "notNull": false
          },
          {
            "fieldPath": "completedAt",
            "columnName": "completedAt",
            "affinity": "INTEGER",
            "notNull": false
          },
          {
            "fieldPath": "createdAt",
            "columnName": "createdAt",
            "affinity": "INTEGER",
            "notNull": true
          },
          {
            "fieldPath": "updatedAt",
            "columnName": "updatedAt",
            "affinity": "INTEGER",
            "notNull": false
          }
        ],
        "primaryKey": {
          "autoGenerate": false,
          "columnNames": [
            "id"
          ]
        },
        "indices": [],
        "foreignKeys": []
      },
      {
        "tableName": "members",
        "createSql": "CREATE TABLE IF NOT EXISTS `${TABLE_NAME}` (`id` TEXT NOT NULL, `roscaId` TEXT NOT NULL, `userId` TEXT NOT NULL, `name` TEXT NOT NULL, `moneroAddress` TEXT, `joinedAt` INTEGER NOT NULL, `position` INTEGER NOT NULL, `leftAt` INTEGER NOT NULL, `leftReason` TEXT NOT NULL, `isActive` INTEGER NOT NULL, `walletAddress` TEXT, `payoutOrderPosition` INTEGER, `hasReceivedPayout` INTEGER NOT NULL, `totalContributed` INTEGER NOT NULL, `missedPayments` INTEGER NOT NULL, `lastContributionAt` INTEGER, `exitedAt` INTEGER, `updatedAt` INTEGER, `ipfsHash` TEXT, `lastSyncedAt` INTEGER, `isDirty` INTEGER NOT NULL, `status` TEXT NOT NULL, PRIMARY KEY(`id`))",
        "fields": [
          {
            "fieldPath": "id",
            "columnName": "id",
            "affinity": "TEXT",
            "notNull": true
          },
          {
            "fieldPath": "roscaId",
            "columnName": "roscaId",
            "affinity": "TEXT",
            "notNull": true
          },
          {
            "fieldPath": "userId",
            "columnName": "userId",
            "affinity": "TEXT",
            "notNull": true
          },
          {
            "fieldPath": "name",
            "columnName": "name",
            "affinity": "TEXT",
            "notNull": true
          },
          {
            "fieldPath": "moneroAddress",
            "columnName": "moneroAddress",
            "affinity": "TEXT",
            "notNull": false
          },
          {
            "fieldPath": "joinedAt",
            "columnName": "joinedAt",
            "affinity": "INTEGER",
            "notNull": true
          },
          {
            "fieldPath": "position",
            "columnName": "position",
            "affinity": "INTEGER",
            "notNull": true
          },
          {
            "fieldPath": "leftAt",
            "columnName": "leftAt",
            "affinity": "INTEGER",
            "notNull": true
          },
          {
            "fieldPath": "leftReason",
            "columnName": "leftReason",
            "affinity": "TEXT",
            "notNull": true
          },
          {
            "fieldPath": "isActive",
            "columnName": "isActive",
            "affinity": "INTEGER",
            "notNull": true
          },
          {
            "fieldPath": "walletAddress",
            "columnName": "walletAddress",
            "affinity": "TEXT",
            "notNull": false
          },
          {
            "fieldPath": "payoutOrderPosition",
            "columnName": "payoutOrderPosition",
            "affinity": "INTEGER",
            "notNull": false
          },
          {
            "fieldPath": "hasReceivedPayout",
            "columnName": "hasReceivedPayout",
            "affinity": "INTEGER",
            "notNull": true
          },
          {
            "fieldPath": "totalContributed",
            "columnName": "totalContributed",
            "affinity": "INTEGER",
            "notNull": true
          },
          {
            "fieldPath": "missedPayments",
            "columnName": "missedPayments",
            "affinity": "INTEGER",
            "notNull": true
          },
          {
            "fieldPath": "lastContributionAt",
            "columnName": "lastContributionAt",
            "affinity": "INTEGER",
            "notNull": false
          },
          {
            "fieldPath": "exitedAt",
            "columnName": "exitedAt",
            "affinity": "INTEGER",
            "notNull": false
          },
          {
            "fieldPath": "updatedAt",
            "columnName": "updatedAt",
            "affinity": "INTEGER",
            "notNull": false
          },
          {
            "fieldPath": "ipfsHash",
            "columnName": "ipfsHash",
            "affinity": "TEXT",
            "notNull": false
          },
          {
            "fieldPath": "lastSyncedAt",
            "columnName": "lastSyncedAt",
            "affinity": "INTEGER",
            "notNull": false
          },
          {
            "fieldPath": "isDirty",
            "columnName": "isDirty",
            "affinity": "INTEGER",
            "notNull": true
          },
          {
            "fieldPath": "status",
            "columnName": "status",
            "affinity": "TEXT",
            "notNull": true
          }
        ],
        "primaryKey": {
          "autoGenerate": false,
          "columnNames": [
            "id"
          ]
        },
        "indices": [],
        "foreignKeys": []
      },
      {
        "tableName": "contributions",
        "createSql": "CREATE TABLE IF NOT EXISTS `${TABLE_NAME}` (`id` TEXT NOT NULL, `roscaId` TEXT NOT NULL, `memberId` TEXT NOT NULL, `amount` INTEGER NOT NULL, `cycleNumber` INTEGER NOT NULL, `status` TEXT NOT NULL, `dueDate` INTEGER NOT NULL, `txHash` TEXT, `txId` TEXT, `proofOfPayment` TEXT, `verifiedAt` INTEGER, `notes` TEXT, `createdAt` INTEGER NOT NULL, `updatedAt` INTEGER, `isDirty` INTEGER NOT NULL, `lastSyncedAt` INTEGER, `ipfsHash` TEXT, PRIMARY KEY(`id`))",
        "fields": [
          {
            "fieldPath": "id",
            "columnName": "id",
            "affinity": "TEXT",
            "notNull": true
          },
          {
            "fieldPath": "roscaId",
            "columnName": "roscaId",
            "affinity": "TEXT",
            "notNull": true
          },
          {
            "fieldPath": "memberId",
            "columnName": "memberId",
            "affinity": "TEXT",
            "notNull": true
          },
          {
            "fieldPath": "amount",
            "columnName": "amount",
            "affinity": "INTEGER",
            "notNull": true
          },
          {
            "fieldPath": "cycleNumber",
            "columnName": "cycleNumber",
            "affinity": "INTEGER",
            "notNull": true
          },
          {
            "fieldPath": "status",
            "columnName": "status",
            "affinity": "TEXT",
            "notNull": true
          },
          {
            "fieldPath": "dueDate",
            "columnName": "dueDate",
            "affinity": "INTEGER",
            "notNull": true
          },
          {
            "fieldPath": "txHash",
            "columnName": "txHash",
            "affinity": "TEXT",
            "notNull": false
          },
          {
            "fieldPath": "txId",
            "columnName": "txId",
            "affinity": "TEXT",
            "notNull": false
          },
          {
            "fieldPath": "proofOfPayment",
            "columnName": "proofOfPayment",
            "affinity": "TEXT",
            "notNull": false
          },
          {
            "fieldPath": "verifiedAt",
            "columnName": "verifiedAt",
            "affinity": "INTEGER",
            "notNull": false
          },
          {
            "fieldPath": "notes",
            "columnName": "notes",
            "affinity": "TEXT",
            "notNull": false
          },
          {
            "fieldPath": "createdAt",
            "columnName": "createdAt",
            "affinity": "INTEGER",
            "notNull": true
          },
          {
            "fieldPath": "updatedAt",
            "columnName": "updatedAt",
            "affinity": "INTEGER",
            "notNull": false
          },
          {
            "fieldPath": "isDirty",
            "columnName": "isDirty",
            "affinity": "INTEGER",
            "notNull": true
          },
          {
            "fieldPath": "lastSyncedAt",
            "columnName": "lastSyncedAt",
            "affinity": "INTEGER",
            "notNull": false
          },
          {
            "fieldPath": "ipfsHash",
            "columnName": "ipfsHash",
            "affinity": "TEXT",
            "notNull": false
          }
        ],
        "primaryKey": {
          "autoGenerate": false,
          "columnNames": [
            "id"
          ]
        },
        "indices": [],
        "foreignKeys": []
      },
      {
        "tableName": "distributions",
        "createSql": "CREATE TABLE IF NOT EXISTS `${TABLE_NAME}` (`id` TEXT NOT NULL, `roscaId` TEXT NOT NULL, `recipientId` TEXT NOT NULL, `round` INTEGER NOT NULL, `grossAmount` TEXT NOT NULL, `feeAmount` TEXT NOT NULL, `netAmount` TEXT NOT NULL, `status` TEXT NOT NULL, `requiredSignatures` INTEGER NOT NULL, `currentSignatures` INTEGER NOT NULL, `signatureData` TEXT NOT NULL, `txHash` TEXT, `blockHeight` INTEGER, `proposedAt` INTEGER NOT NULL, `executedAt` INTEGER, `lastSyncTimestamp` INTEGER NOT NULL, `isDirty` INTEGER NOT NULL, PRIMARY KEY(`id`))",
        "fields": [
          {
            "fieldPath": "id",
            "columnName": "id",
            "affinity": "TEXT",
            "notNull": true
          },
          {
            "fieldPath": "roscaId",
            "columnName": "roscaId",
            "affinity": "TEXT",
            "notNull": true
          },
          {
            "fieldPath": "recipientId",
            "columnName": "recipientId",
            "affinity": "TEXT",
            "notNull": true
          },
          {
            "fieldPath": "round",
            "columnName": "round",
            "affinity": "INTEGER",
            "notNull": true
          },
          {
            "fieldPath": "grossAmount",
            "columnName": "grossAmount",
            "affinity": "TEXT",
            "notNull": true
          },
          {
            "fieldPath": "feeAmount",
            "columnName": "feeAmount",
            "affinity": "TEXT",
            "notNull": true
          },
          {
            "fieldPath": "netAmount",
            "columnName": "netAmount",
            "affinity": "TEXT",
            "notNull": true
          },
          {
            "fieldPath": "status",
            "columnName": "status",
            "affinity": "TEXT",
            "notNull": true
          },
          {
            "fieldPath": "requiredSignatures",
            "columnName": "requiredSignatures",
            "affinity": "INTEGER",
            "notNull": true
          },
          {
            "fieldPath": "currentSignatures",
            "columnName": "currentSignatures",
            "affinity": "INTEGER",
            "notNull": true
          },
          {
            "fieldPath": "signatureData",
            "columnName": "signatureData",
            "affinity": "TEXT",
            "notNull": true
          },
          {
            "fieldPath": "txHash",
            "columnName": "txHash",
            "affinity": "TEXT",
            "notNull": false
          },
          {
            "fieldPath": "blockHeight",
            "columnName": "blockHeight",
            "affinity": "INTEGER",
            "notNull": false
          },
          {
            "fieldPath": "proposedAt",
            "columnName": "proposedAt",
            "affinity": "INTEGER",
            "notNull": true
          },
          {
            "fieldPath": "executedAt",
            "columnName": "executedAt",
            "affinity": "INTEGER",
            "notNull": false
          },
          {
            "fieldPath": "lastSyncTimestamp",
            "columnName": "lastSyncTimestamp",
            "affinity": "INTEGER",
            "notNull": true
          },
          {
            "fieldPath": "isDirty",
            "columnName": "isDirty",
            "affinity": "INTEGER",
            "notNull": true
          }
        ],
        "primaryKey": {
          "autoGenerate": false,
          "columnNames": [
            "id"
          ]
        },
        "indices": [],
        "foreignKeys": []
      },
      {
        "tableName": "service_fees",
        "createSql": "CREATE TABLE IF NOT EXISTS `${TABLE_NAME}` (`id` TEXT NOT NULL, `distributionId` TEXT NOT NULL, `roscaId` TEXT NOT NULL, `grossAmount` INTEGER NOT NULL, `feeAmount` INTEGER NOT NULL, `netAmount` INTEGER NOT NULL, `feePercentage` REAL NOT NULL, `serviceWallet` TEXT NOT NULL, `recipientTxHash` TEXT, `feeTxHash` TEXT, `status` TEXT NOT NULL, `errorMessage` TEXT, `createdAt` INTEGER NOT NULL, `completedAt` INTEGER, PRIMARY KEY(`id`))",
        "fields": [
          {
            "fieldPath": "id",
            "columnName": "id",
            "affinity": "TEXT",
            "notNull": true
          },
          {
            "fieldPath": "distributionId",
            "columnName": "distributionId",
            "affinity": "TEXT",
            "notNull": true
          },
          {
            "fieldPath": "roscaId",
            "columnName": "roscaId",
            "affinity": "TEXT",
            "notNull": true
          },
          {
            "fieldPath": "grossAmount",
            "columnName": "grossAmount",
            "affinity": "INTEGER",
            "notNull": true
          },
          {
            "fieldPath": "feeAmount",
            "columnName": "feeAmount",
            "affinity": "INTEGER",
            "notNull": true
          },
          {
            "fieldPath": "netAmount",
            "columnName": "netAmount",
            "affinity": "INTEGER",
            "notNull": true
          },
          {
            "fieldPath": "feePercentage",
            "columnName": "feePercentage",
            "affinity": "REAL",
            "notNull": true
          },
          {
            "fieldPath": "serviceWallet",
            "columnName": "serviceWallet",
            "affinity": "TEXT",
            "notNull": true
          },
          {
            "fieldPath": "recipientTxHash",
            "columnName": "recipientTxHash",
            "affinity": "TEXT",
            "notNull": false
          },
          {
            "fieldPath": "feeTxHash",
            "columnName": "feeTxHash",
            "affinity": "TEXT",
            "notNull": false
          },
          {
            "fieldPath": "status",
            "columnName": "status",
            "affinity": "TEXT",
            "notNull": true
          },
          {
            "fieldPath": "errorMessage",
            "columnName": "errorMessage",
            "affinity": "TEXT",
            "notNull": false
          },
          {
            "fieldPath": "createdAt",
            "columnName": "createdAt",
            "affinity": "INTEGER",
            "notNull": true
          },
          {
            "fieldPath": "completedAt",
            "columnName": "completedAt",
            "affinity": "INTEGER",
            "notNull": false
          }
        ],
        "primaryKey": {
          "autoGenerate": false,
          "columnNames": [
            "id"
          ]
        },
        "indices": [],
        "foreignKeys": []
      },
      {
        "tableName": "sync_queue",
        "createSql": "CREATE TABLE IF NOT EXISTS `${TABLE_NAME}` (`id` INTEGER PRIMARY KEY AUTOINCREMENT NOT NULL, `entityType` TEXT NOT NULL, `entityId` TEXT NOT NULL, `operation` TEXT NOT NULL, `payload` TEXT NOT NULL, `attempts` INTEGER NOT NULL, `maxAttempts` INTEGER NOT NULL, `createdAt` INTEGER NOT NULL, `lastAttemptAt` INTEGER)",
        "fields": [
          {
            "fieldPath": "id",
            "columnName": "id",
            "affinity": "INTEGER",
            "notNull": true
          },
          {
            "fieldPath": "entityType",
            "columnName": "entityType",
            "affinity": "TEXT",
            "notNull": true
          },
          {
            "fieldPath": "entityId",
            "columnName": "entityId",
            "affinity": "TEXT",
            "notNull": true
          },
          {
            "fieldPath": "operation",
            "columnName": "operation",
            "affinity": "TEXT",
            "notNull": true
          },
          {
            "fieldPath": "payload",
            "columnName": "payload",
            "affinity": "TEXT",
            "notNull": true
          },
          {
            "fieldPath": "attempts",
            "columnName": "attempts",
            "affinity": "INTEGER",
            "notNull": true
          },
          {
            "fieldPath": "maxAttempts",
            "columnName": "maxAttempts",
            "affinity": "INTEGER",
            "notNull": true
          },
          {
            "fieldPath": "createdAt",
            "columnName": "createdAt",
            "affinity": "INTEGER",
            "notNull": true
          },
          {
            "fieldPath": "lastAttemptAt",
            "columnName": "lastAttemptAt",
            "affinity": "INTEGER",
            "notNull": false
          }
        ],
        "primaryKey": {
          "autoGenerate": true,
          "columnNames": [
            "id"
          ]
        },
        "indices": [],
        "foreignKeys": []
      },
      {
        "tableName": "user_profiles",
        "createSql": "CREATE TABLE IF NOT EXISTS `${TABLE_NAME}` (`id` TEXT NOT NULL, `email` TEXT NOT NULL, `displayName` TEXT NOT NULL, `photoUrl` TEXT, `idToken` TEXT, `isActive` INTEGER NOT NULL, `createdAt` INTEGER NOT NULL, `lastLoginAt` INTEGER NOT NULL, PRIMARY KEY(`id`))",
        "fields": [
          {
            "fieldPath": "id",
            "columnName": "id",
            "affinity": "TEXT",
            "notNull": true
          },
          {
            "fieldPath": "email",
            "columnName": "email",
            "affinity": "TEXT",
            "notNull": true
          },
          {
            "fieldPath": "displayName",
            "columnName": "displayName",
            "affinity": "TEXT",
            "notNull": true
          },
          {
            "fieldPath": "photoUrl",
            "columnName": "photoUrl",
            "affinity": "TEXT",
            "notNull": false
          },
          {
            "fieldPath": "idToken",
            "columnName": "idToken",
            "affinity": "TEXT",
            "notNull": false
          },
          {
            "fieldPath": "isActive",
            "columnName": "isActive",
            "affinity": "INTEGER",
            "notNull": true
          },
          {
            "fieldPath": "createdAt",
            "columnName": "createdAt",
            "affinity": "INTEGER",
            "notNull": true
          },
          {
            "fieldPath": "lastLoginAt",
            "columnName": "lastLoginAt",
            "affinity": "INTEGER",
            "notNull": true
          }
        ],
        "primaryKey": {
          "autoGenerate": false,
          "columnNames": [
            "id"
          ]
        },
        "indices": [],
        "foreignKeys": []
      },
      {
        "tableName": "payouts",
        "createSql": "CREATE TABLE IF NOT EXISTS `${TABLE_NAME}` (`id` TEXT NOT NULL, `rosca_id` TEXT NOT NULL, `recipient_id` TEXT NOT NULL, `round_id` TEXT, `payout_type` TEXT NOT NULL, `gross_amount` INTEGER NOT NULL, `service_fee` INTEGER NOT NULL, `penalty_amount` INTEGER NOT NULL, `net_amount` INTEGER NOT NULL, `tx_hash` TEXT, `tx_id` TEXT, `recipient_address` TEXT NOT NULL, `status` TEXT NOT NULL, `initiated_at` INTEGER NOT NULL, `completed_at` INTEGER, `failed_at` INTEGER, `error_message` TEXT, `confirmations` INTEGER NOT NULL, `verified_at` INTEGER, `notes` TEXT, `created_at` INTEGER NOT NULL, `updated_at` INTEGER, `ipfs_hash` TEXT, `last_synced_at` INTEGER, `is_dirty` INTEGER NOT NULL, PRIMARY KEY(`id`))",
        "fields": [
          {
            "fieldPath": "id",
            "columnName": "id",
            "affinity": "TEXT",
            "notNull": true
          },
          {
            "fieldPath": "roscaId",
            "columnName": "rosca_id",
            "affinity": "TEXT",
            "notNull": true
          },
          {
            "fieldPath": "recipientId",
            "columnName": "recipient_id",
            "affinity": "TEXT",
            "notNull": true
          },
          {
            "fieldPath": "roundId",
            "columnName": "round_id",
            "affinity": "TEXT",
            "notNull": false
          },
          {
            "fieldPath": "payoutType",
            "columnName": "payout_type",
            "affinity": "TEXT",
            "notNull": true
          },
          {
            "fieldPath": "grossAmount",
            "columnName": "gross_amount",
            "affinity": "INTEGER",
            "notNull": true
          },
          {
            "fieldPath": "serviceFee",
            "columnName": "service_fee",
            "affinity": "INTEGER",
            "notNull": true
          },
          {
            "fieldPath": "penaltyAmount",
            "columnName": "penalty_amount",
            "affinity": "INTEGER",
            "notNull": true
          },
          {
            "fieldPath": "netAmount",
            "columnName": "net_amount",
            "affinity": "INTEGER",
            "notNull": true
          },
          {
            "fieldPath": "txHash",
            "columnName": "tx_hash",
            "affinity": "TEXT",
            "notNull": false
          },
          {
            "fieldPath": "txId",
            "columnName": "tx_id",
            "affinity": "TEXT",
            "notNull": false
          },
          {
            "fieldPath": "recipientAddress",
            "columnName": "recipient_address",
            "affinity": "TEXT",
            "notNull": true
          },
          {
            "fieldPath": "status",
            "columnName": "status",
            "affinity": "TEXT",
            "notNull": true
          },
          {
            "fieldPath": "initiatedAt",
            "columnName": "initiated_at",
            "affinity": "INTEGER",
            "notNull": true
          },
          {
            "fieldPath": "completedAt",
            "columnName": "completed_at",
            "affinity": "INTEGER",
            "notNull": false
          },
          {
            "fieldPath": "failedAt",
            "columnName": "failed_at",
            "affinity": "INTEGER",
            "notNull": false
          },
          {
            "fieldPath": "errorMessage",
            "columnName": "error_message",
            "affinity": "TEXT",
            "notNull": false
          },
          {
            "fieldPath": "confirmations",
            "columnName": "confirmations",
            "affinity": "INTEGER",
            "notNull": true
          },
          {
            "fieldPath": "verifiedAt",
            "columnName": "verified_at",
            "affinity": "INTEGER",
            "notNull": false
          },
          {
            "fieldPath": "notes",
            "columnName": "notes",
            "affinity": "TEXT",
            "notNull": false
          },
          {
            "fieldPath": "createdAt",
            "columnName": "created_at",
            "affinity": "INTEGER",
            "notNull": true
          },
          {
            "fieldPath": "updatedAt",
            "columnName": "updated_at",
            "affinity": "INTEGER",
            "notNull": false
          },
          {
            "fieldPath": "ipfsHash",
            "columnName": "ipfs_hash",
            "affinity": "TEXT",
            "notNull": false
          },
          {
            "fieldPath": "lastSyncedAt",
            "columnName": "last_synced_at",
            "affinity": "INTEGER",
            "notNull": false
          },
          {
            "fieldPath": "isDirty",
            "columnName": "is_dirty",
            "affinity": "INTEGER",
            "notNull": true
          }
        ],
        "primaryKey": {
          "autoGenerate": false,
          "columnNames": [
            "id"
          ]
        },
        "indices": [],
        "foreignKeys": []
      },
      {
        "tableName": "penalties",
        "createSql": "CREATE TABLE IF NOT EXISTS `${TABLE_NAME}` (`id` TEXT NOT NULL, `rosca_id` TEXT NOT NULL, `member_id` TEXT NOT NULL, `payout_id` TEXT, `penalty_type` TEXT NOT NULL, `total_contributed` INTEGER NOT NULL, `cycles_participated` INTEGER NOT NULL, `cycles_remaining` INTEGER NOT NULL, `penalty_percentage` REAL NOT NULL, `penalty_amount` INTEGER NOT NULL, `reimbursement_amount` INTEGER NOT NULL, `calculation_method` TEXT NOT NULL, `reason` TEXT NOT NULL, `exit_reason` TEXT, `status` TEXT NOT NULL, `applied_at` INTEGER, `waived_at` INTEGER, `waived_by` TEXT, `waiver_reason` TEXT, `notes` TEXT, `created_at` INTEGER NOT NULL, `updated_at` INTEGER, PRIMARY KEY(`id`))",
        "fields": [
          {
            "fieldPath": "id",
            "columnName": "id",
            "affinity": "TEXT",
            "notNull": true
          },
          {
            "fieldPath": "roscaId",
            "columnName": "rosca_id",
            "affinity": "TEXT",
            "notNull": true
          },
          {
            "fieldPath": "memberId",
            "columnName": "member_id",
            "affinity": "TEXT",
            "notNull": true
          },
          {
            "fieldPath": "payoutId",
            "columnName": "payout_id",
            "affinity": "TEXT",
            "notNull": false
          },
          {
            "fieldPath": "penaltyType",
            "columnName": "penalty_type",
            "affinity": "TEXT",
            "notNull": true
          },
          {
            "fieldPath": "totalContributed",
            "columnName": "total_contributed",
            "affinity": "INTEGER",
            "notNull": true
          },
          {
            "fieldPath": "cyclesParticipated",
            "columnName": "cycles_participated",
            "affinity": "INTEGER",
            "notNull": true
          },
          {
            "fieldPath": "cyclesRemaining",
            "columnName": "cycles_remaining",
            "affinity": "INTEGER",
            "notNull": true
          },
          {
            "fieldPath": "penaltyPercentage",
            "columnName": "penalty_percentage",
            "affinity": "REAL",
            "notNull": true
          },
          {
            "fieldPath": "penaltyAmount",
            "columnName": "penalty_amount",
            "affinity": "INTEGER",
            "notNull": true
          },
          {
            "fieldPath": "reimbursementAmount",
            "columnName": "reimbursement_amount",
            "affinity": "INTEGER",
            "notNull": true
          },
          {
            "fieldPath": "calculationMethod",
            "columnName": "calculation_method",
            "affinity": "TEXT",
            "notNull": true
          },
          {
            "fieldPath": "reason",
            "columnName": "reason",
            "affinity": "TEXT",
            "notNull": true
          },
          {
            "fieldPath": "exitReason",
            "columnName": "exit_reason",
            "affinity": "TEXT",
            "notNull": false
          },
          {
            "fieldPath": "status",
            "columnName": "status",
            "affinity": "TEXT",
            "notNull": true
          },
          {
            "fieldPath": "appliedAt",
            "columnName": "applied_at",
            "affinity": "INTEGER",
            "notNull": false
          },
          {
            "fieldPath": "waivedAt",
            "columnName": "waived_at",
            "affinity": "INTEGER",
            "notNull": false
          },
          {
            "fieldPath": "waivedBy",
            "columnName": "waived_by",
            "affinity": "TEXT",
            "notNull": false
          },
          {
            "fieldPath": "waiverReason",
            "columnName": "waiver_reason",
            "affinity": "TEXT",
            "notNull": false
          },
          {
            "fieldPath": "notes",
            "columnName": "notes",
            "affinity": "TEXT",
            "notNull": false
          },
          {
            "fieldPath": "createdAt",
            "columnName": "created_at",
            "affinity": "INTEGER",
            "notNull": true
          },
          {
            "fieldPath": "updatedAt",
            "columnName": "updated_at",
            "affinity": "INTEGER",
            "notNull": false
          }
        ],
        "primaryKey": {
          "autoGenerate": false,
          "columnNames": [
            "id"
          ]
        },
        "indices": [],
        "foreignKeys": []
      },
      {
        "tableName": "transactions",
        "createSql": "CREATE TABLE IF NOT EXISTS `${TABLE_NAME}` (`id` TEXT NOT NULL, `txHash` TEXT, `status` TEXT NOT NULL, `confirmations` INTEGER NOT NULL, `confirmedAt` INTEGER, `createdAt` INTEGER NOT NULL, PRIMARY KEY(`id`))",
        "fields": [
          {
            "fieldPath": "id",
            "columnName": "id",
            "affinity": "TEXT",
            "notNull": true
          },
          {
            "fieldPath": "txHash",
            "columnName": "txHash",
            "affinity": "TEXT",
            "notNull": false
          },
          {
            "fieldPath": "status",
            "columnName": "status",
            "affinity": "TEXT",
            "notNull": true
          },
          {
            "fieldPath": "confirmations",
            "columnName": "confirmations",
            "affinity": "INTEGER",
            "notNull": true
          },
          {
            "fieldPath": "confirmedAt",
            "columnName": "confirmedAt",
            "affinity": "INTEGER",
            "notNull": false
          },
          {
            "fieldPath": "createdAt",
            "columnName": "createdAt",
            "affinity": "INTEGER",
            "notNull": true
          }
        ],
        "primaryKey": {
          "autoGenerate": false,
          "columnNames": [
            "id"
          ]
        },
        "indices": [],
        "foreignKeys": []
      }
    ],
    "views": [],
    "setupQueries": [
      "CREATE TABLE IF NOT EXISTS room_master_table (id INTEGER PRIMARY KEY,identity_hash TEXT)",
      "INSERT OR REPLACE INTO room_master_table (id,identity_hash) VALUES(42, '01fd20e34eccc1423bb1350a74d2a759')"
    ]
  }
}